{"cameraMode":{"drawMode":0,"name":"Shaded","section":"Shading Mode"},"sceneLighting":false,"audioPlay":false,"sceneViewState":{"showFog":false,"showMaterialUpdate":false,"showSkybox":false,"showFlares":false,"showImageEffects":false,"showParticleSystems":true},"in2DMode":false,"pivot":{"x":0.0,"y":1.4285088777542115,"z":-2.384185791015625e-7},"rotation":{"x":-0.15270301699638368,"y":-0.009474474936723709,"z":0.0014644393231719733,"w":-0.9882256984710693},"size":10.659083366394043,"orthographic":false}