{"cameraMode":{"drawMode":0,"name":"Shaded","section":"Shading Mode"},"sceneLighting":false,"audioPlay":false,"sceneViewState":{"showFog":false,"showMaterialUpdate":false,"showSkybox":false,"showFlares":false,"showImageEffects":false,"showParticleSystems":true},"in2DMode":false,"pivot":{"x":-5.960464477539063e-8,"y":0.6717382073402405,"z":0.0},"rotation":{"x":0.17556282877922059,"y":0.23521287739276887,"z":-0.04324151203036308,"w":0.9549778699874878},"size":3.129244089126587,"orthographic":false}