{"cameraMode":{"drawMode":0,"name":"Shaded","section":"Shading Mode"},"sceneLighting":false,"audioPlay":false,"sceneViewState":{"showFog":false,"showMaterialUpdate":false,"showSkybox":false,"showFlares":false,"showImageEffects":false,"showParticleSystems":true},"in2DMode":false,"pivot":{"x":0.0,"y":1.4285088777542115,"z":-2.384185791015625e-7},"rotation":{"x":0.06453125178813935,"y":0.9109296202659607,"z":-0.15618881583213807,"w":0.3763616681098938},"size":11.844958305358887,"orthographic":false}