{"cameraMode":{"drawMode":0,"name":"Shaded","section":"Shading Mode"},"sceneLighting":false,"audioPlay":false,"sceneViewState":{"showFog":false,"showMaterialUpdate":false,"showSkybox":false,"showFlares":false,"showImageEffects":false,"showParticleSystems":true},"in2DMode":false,"pivot":{"x":-3.459789276123047,"y":-6.081369400024414,"z":17.030860900878908},"rotation":{"x":-0.0632857009768486,"y":0.7307420372962952,"z":-0.06838412582874298,"w":-0.6762652397155762},"size":51.10158920288086,"orthographic":false}